"FAC_ID","SERVICE_TYPE"
"17","Baseline Services"
"19","Baseline Services"
"19","Pediatric Ventilator"
"19","Pediatric Ventilator Dependent"
"19","Pediatrics"
"19","Respite Care (Short Term)"
"21","Baseline Services"
"22","Baseline Services"
"22","Outpatient/Occupational Therapy"
"22","Outpatient/Physical Therapy"
"22","Outpatient/Speech Language Pathology Therapy"
"22","Respite Care (Short Term)"
"23","Baseline Services"
"23","Respite Care (Short Term)"
"27","Baseline Services"
"30","Baseline Services"
"30","Radiology - Diagnostic"
"33","Baseline Services"
"38","AIDS"
"38","Baseline Services"
"38","Clinical Laboratory Service"
"38","Radiology - Diagnostic"
"41","Baseline Services"
"48","Baseline Services"
"48","Outpatient/Occupational Therapy"
"48","Outpatient/Physical Therapy"
"48","Outpatient/Speech Language Pathology Therapy"
"48","Respite Care (Short Term)"
"49","Baseline Services"
"49","Outpatient/Occupational Therapy"
"49","Outpatient/Physical Therapy"
"49","Outpatient/Speech Language Pathology Therapy"
"49","Respite Care (Short Term)"
"50","Baseline Services"
"50","Ventilator Dependent"
"56","Baseline Services"
"59","Baseline Services"
"59","Clinical Laboratory Service"
"59","Radiology - Diagnostic"
"60","Adult Day Health Care"
"60","Baseline Services"
"64","Baseline Services"
"71","Baseline Services"
"73","Baseline Services"
"81","Baseline Services"
"83","Baseline Services"
"91","Baseline Services"
"91","Clinical Laboratory Service"
"92","Adult Day Health Care"
"92","Baseline Services"
"92","Clinical Laboratory Service"
"92","Radiology - Diagnostic"
"96","Baseline Services"
"99","Baseline Services"
"99","Respite Care (Short Term)"
"106","Baseline Services"
"107","Baseline Services"
"107","Outpatient/Occupational Therapy"
"107","Outpatient/Physical Therapy"
"107","Outpatient/Speech Language Pathology Therapy"
"112","Baseline Services"
"119","Baseline Services"
"123","Baseline Services"
"124","Adult Day Health Care"
"124","Baseline Services"
"124","Outpatient/Occupational Therapy"
"124","Outpatient/Physical Therapy"
"124","Outpatient/Speech Language Pathology Therapy"
"126","Baseline Services"
"129","Baseline Services"
"131","Baseline Services"
"133","Baseline Services"
"136","Baseline Services"
"136","Clinical Laboratory Service"
"136","Radiology - Diagnostic"
"139","Adult Day Health Care"
"139","Baseline Services"
"140","Baseline Services"
"144","Baseline Services"
"150","Baseline Services"
"152","Baseline Services"
"154","Adult Day Health Care"
"154","Baseline Services"
"156","Baseline Services"
"160","Baseline Services"
"161","Baseline Services"
"161","Radiology - Diagnostic"
"169","Baseline Services"
"171","Baseline Services"
"186","Baseline Services"
"186","Respite Care (Short Term)"
"189","Baseline Services"
"189","Nursing Home Hemodialysis"
"191","AIDS"
"191","Baseline Services"
"191","Radiology - Diagnostic"
"193","Baseline Services"
"193","Clinical Laboratory Service"
"193","Radiology - Diagnostic"
"194","Baseline Services"
"194","Neurodegenerative"
"194","Radiology - Diagnostic"
"195","Baseline Services"
"195","Outpatient/Occupational Therapy"
"195","Outpatient/Physical Therapy"
"195","Outpatient/Speech Language Pathology Therapy"
"201","Baseline Services"
"201","Outpatient/Occupational Therapy"
"201","Outpatient/Physical Therapy"
"201","Outpatient/Speech Language Pathology Therapy"
"202","Baseline Services"
"202","Outpatient/Occupational Therapy"
"202","Outpatient/Physical Therapy"
"202","Outpatient/Speech Language Pathology Therapy"
"203","Baseline Services"
"214","Baseline Services"
"214","Clinical Laboratory Service"
"214","Radiology - Diagnostic"
"232","Baseline Services"
"244","Baseline Services"
"252","Adult Day Health Care"
"252","Baseline Services"
"252","Clinical Laboratory Service"
"252","Radiology - Diagnostic"
"254","Baseline Services"
"266","Baseline Services"
"268","Baseline Services"
"268","Clinical Laboratory Service"
"268","Radiology - Diagnostic"
"269","Baseline Services"
"272","Baseline Services"
"274","Baseline Services"
"277","Baseline Services"
"277","Outpatient/Occupational Therapy"
"277","Outpatient/Physical Therapy"
"277","Outpatient/Speech Language Pathology Therapy"
"278","Baseline Services"
"278","Outpatient/Occupational Therapy"
"278","Outpatient/Physical Therapy"
"278","Outpatient/Speech Language Pathology Therapy"
"281","Baseline Services"
"282","Baseline Services"
"288","Baseline Services"
"288","Outpatient/Occupational Therapy"
"288","Outpatient/Physical Therapy"
"288","Outpatient/Speech Language Pathology Therapy"
"294","Baseline Services"
"294","Outpatient/Occupational Therapy"
"294","Outpatient/Physical Therapy"
"294","Respite Care (Short Term)"
"296","Baseline Services"
"296","Outpatient/Occupational Therapy"
"296","Outpatient/Physical Therapy"
"296","Outpatient/Speech Language Pathology Therapy"
"299","Baseline Services"
"300","Baseline Services"
"305","Baseline Services"
"310","Baseline Services"
"310","Clinical Laboratory Service"
"310","Radiology - Diagnostic"
"315","Baseline Services"
"315","Respite Care (Short Term)"
"320","Baseline Services"
"320","Clinical Laboratory Service"
"320","Radiology - Diagnostic"
"326","Baseline Services"
"326","Clinical Laboratory Service"
"326","Radiology - Diagnostic"
"331","Baseline Services"
"335","Adult Day Health Care"
"335","Baseline Services"
"335","Outpatient/Occupational Therapy"
"335","Outpatient/Physical Therapy"
"337","Baseline Services"
"343","Baseline Services"
"344","Adult Day Health Care"
"344","Baseline Services"
"344","Outpatient/Occupational Therapy"
"344","Outpatient/Physical Therapy"
"344","Outpatient/Speech Language Pathology Therapy"
"349","Baseline Services"
"349","Outpatient/Occupational Therapy"
"349","Outpatient/Physical Therapy"
"349","Outpatient/Speech Language Pathology Therapy"
"349","Respite Care (Short Term)"
"350","Baseline Services"
"357","Adult Day Health Care"
"357","Baseline Services"
"360","Adult Day Health Care"
"360","Baseline Services"
"360","Outpatient/Occupational Therapy"
"360","Outpatient/Physical Therapy"
"360","Outpatient/Speech Language Pathology Therapy"
"364","Baseline Services"
"368","Adult Day Health Care"
"368","Baseline Services"
"368","Clinical Laboratory Service"
"368","Radiology - Diagnostic"
"381","Baseline Services"
"384","Adult Day Health Care"
"384","Baseline Services"
"384","Clinical Laboratory Service"
"384","Radiology - Diagnostic"
"387","Baseline Services"
"390","Adult Day Health Care"
"390","Baseline Services"
"390","Outpatient/Occupational Therapy"
"390","Outpatient/Physical Therapy"
"390","Outpatient/Speech Language Pathology Therapy"
"392","Baseline Services"
"398","Baseline Services"
"398","Respite Care (Short Term)"
"398","Ventilator Dependent"
"403","Baseline Services"
"431","Baseline Services"
"431","Outpatient/Occupational Therapy"
"431","Outpatient/Physical Therapy"
"431","Respite Care (Short Term)"
"434","Baseline Services"
"437","Baseline Services"
"440","AIDS"
"440","Baseline Services"
"440","Pediatric"
"440","Pediatric Ventilator"
"440","Pediatrics"
"440","Ventilator Dependent"
"442","Adult Day Health Care"
"442","Baseline Services"
"442","Outpatient/Occupational Therapy"
"442","Outpatient/Physical Therapy"
"442","Outpatient/Speech Language Pathology Therapy"
"442","Radiology - Diagnostic"
"444","Baseline Services"
"444","Outpatient/Occupational Therapy"
"444","Outpatient/Physical Therapy"
"444","Outpatient/Speech Language Pathology Therapy"
"446","Baseline Services"
"448","Baseline Services"
"449","Baseline Services"
"457","Baseline Services"
"459","Baseline Services"
"462","Baseline Services"
"462","Outpatient/Occupational Therapy"
"462","Outpatient/Physical Therapy"
"462","Respite Care (Short Term)"
"463","Baseline Services"
"464","Baseline Services"
"464","Outpatient/Occupational Therapy"
"464","Outpatient/Physical Therapy"
"464","Outpatient/Speech Language Pathology Therapy"
"465","Baseline Services"
"466","Baseline Services"
"469","Baseline Services"
"469","Clinical Laboratory Service"
"469","Radiology - Diagnostic"
"470","Baseline Services"
"472","Baseline Services"
"473","Baseline Services"
"474","Adult Day Health Care"
"474","Baseline Services"
"475","Baseline Services"
"476","Adult Day Health Care"
"476","Baseline Services"
"476","Outpatient/Occupational Therapy"
"476","Outpatient/Physical Therapy"
"476","Outpatient/Speech Language Pathology Therapy"
"476","Radiology - Diagnostic"
"477","Baseline Services"
"478","Baseline Services"
"479","Baseline Services"
"479","Nursing Home Hemodialysis"
"481","Baseline Services"
"483","Adult Day Health Care"
"483","Baseline Services"
"483","Clinical Laboratory Service"
"483","Radiology - Diagnostic"
"485","Baseline Services"
"485","Clinical Laboratory Service"
"485","Outpatient/Physical Therapy"
"485","Outpatient/Speech Language Pathology Therapy"
"485","Radiology - Diagnostic"
"488","Baseline Services"
"489","Baseline Services"
"491","Baseline Services"
"491","Clinical Laboratory Service"
"491","Outpatient/Occupational Therapy"
"491","Outpatient/Physical Therapy"
"491","Outpatient/Speech Language Pathology Therapy"
"491","Radiology - Diagnostic"
"492","Baseline Services"
"493","Baseline Services"
"496","Baseline Services"
"496","Radiology - Diagnostic"
"497","Baseline Services"
"498","Baseline Services"
"498","Clinical Laboratory Service"
"498","Radiology - Diagnostic"
"504","Baseline Services"
"504","Ventilator Dependent"
"508","Baseline Services"
"508","Clinical Laboratory Service"
"508","Radiology - Diagnostic"
"509","Baseline Services"
"509","Clinical Laboratory Service"
"509","Radiology - Diagnostic"
"516","Baseline Services"
"516","Clinical Laboratory Service"
"516","Radiology - Diagnostic"
"517","Baseline Services"
"517","Radiology - Diagnostic"
"520","Baseline Services"
"520","Radiology - Diagnostic"
"521","Baseline Services"
"524","Baseline Services"
"533","Baseline Services"
"533","Radiology - Diagnostic"
"534","AIDS"
"534","Baseline Services"
"534","Clinical Laboratory Service"
"534","Radiology - Diagnostic"
"534","Ventilator Dependent"
"537","Baseline Services"
"537","Radiology - Diagnostic"
"538","Baseline Services"
"538","Nursing Home Hemodialysis"
"538","Outpatient/Occupational Therapy"
"538","Outpatient/Physical Therapy"
"538","Outpatient/Speech Language Pathology Therapy"
"539","Baseline Services"
"539","Radiology - Diagnostic"
"539","Ventilator Dependent"
"546","Baseline Services"
"546","Clinical Laboratory Service"
"546","Radiology - Diagnostic"
"547","Adult Day Health Care"
"547","Baseline Services"
"547","Outpatient/Occupational Therapy"
"547","Outpatient/Physical Therapy"
"547","Outpatient/Speech Language Pathology Therapy"
"547","Radiology - Diagnostic"
"548","Baseline Services"
"548","Radiology - Diagnostic"
"557","Baseline Services"
"557","Radiology - Diagnostic"
"558","Adult Day Health Care"
"558","Baseline Services"
"558","Nursing Home Hemodialysis - Bedside Only"
"558","Radiology - Diagnostic"
"558","Ventilator Dependent"
"559","Baseline Services"
"559","Clinical Laboratory Service"
"560","Baseline Services"
"560","Clinical Laboratory Service"
"560","Radiology - Diagnostic"
"564","Baseline Services"
"564","Radiology - Diagnostic"
"568","Baseline Services"
"568","Outpatient/Occupational Therapy"
"568","Outpatient/Physical Therapy"
"568","Outpatient/Speech Language Pathology Therapy"
"571","Baseline Services"
"571","Respite Care (Short Term)"
"579","Baseline Services"
"580","Baseline Services"
"582","Baseline Services"
"582","Clinical Laboratory Service"
"582","Radiology - Diagnostic"
"586","Baseline Services"
"588","Baseline Services"
"590","Baseline Services"
"590","Clinical Laboratory Service"
"590","Radiology - Diagnostic"
"590","Respite Care (Short Term)"
"592","Baseline Services"
"593","Adult Day Health Care"
"593","Baseline Services"
"593","Respite Care (Short Term)"
"594","Baseline Services"
"594","Outpatient/Occupational Therapy"
"594","Outpatient/Physical Therapy"
"594","Outpatient/Speech Language Pathology Therapy"
"595","Baseline Services"
"604","Baseline Services"
"604","Outpatient/Occupational Therapy"
"604","Outpatient/Physical Therapy"
"604","Outpatient/Speech Language Pathology Therapy"
"606","Baseline Services"
"606","Outpatient/Occupational Therapy"
"606","Outpatient/Physical Therapy"
"606","Outpatient/Speech Language Pathology Therapy"
"606","Radiology - Diagnostic"
"607","Baseline Services"
"607","Radiology - Diagnostic"
"608","Baseline Services"
"608","Respite Care (Short Term)"
"609","Baseline Services"
"609","Outpatient/Occupational Therapy"
"609","Outpatient/Physical Therapy"
"609","Outpatient/Speech Language Pathology Therapy"
"613","Baseline Services"
"613","Outpatient/Occupational Therapy"
"618","Baseline Services"
"620","Adult Day Health Care"
"620","Baseline Services"
"620","Neurodegenerative"
"620","Respite Care (Short Term)"
"621","Adult Day Health Care"
"621","Baseline Services"
"621","Outpatient/Occupational Therapy"
"621","Outpatient/Physical Therapy"
"621","Outpatient/Speech Language Pathology Therapy"
"624","Baseline Services"
"633","Baseline Services"
"647","Adult Day Health Care"
"647","Baseline Services"
"647","Outpatient/Occupational Therapy"
"647","Outpatient/Physical Therapy"
"647","Outpatient/Speech Language Pathology Therapy"
"647","Respite Care (Short Term)"
"648","Adult Day Health Care"
"648","Baseline Services"
"648","Clinical Laboratory Service"
"650","Baseline Services"
"651","Baseline Services"
"654","Adult Day Health Care"
"654","Baseline Services"
"655","Adult Day Health Care"
"655","Baseline Services"
"655","Nursing Home Hemodialysis - Bedside Only"
"655","Radiology - Diagnostic"
"655","Traumatic Brain Injury Program"
"656","Baseline Services"
"656","Nursing Home Hemodialysis - Bedside Only"
"656","Ventilator Dependent"
"657","AIDS"
"657","Baseline Services"
"664","Baseline Services"
"672","Baseline Services"
"672","Respite Care (Short Term)"
"674","Baseline Services"
"677","Baseline Services"
"677","Ventilator Dependent"
"681","Baseline Services"
"682","Baseline Services"
"682","Outpatient/Occupational Therapy"
"682","Outpatient/Physical Therapy"
"683","Baseline Services"
"691","Baseline Services"
"696","Adult Day Health Care"
"696","Baseline Services"
"702","AIDS"
"702","Baseline Services"
"710","Baseline Services"
"716","Baseline Services"
"716","Respite Care (Short Term)"
"719","Baseline Services"
"719","Clinical Laboratory Service"
"719","Radiology - Diagnostic"
"721","Baseline Services"
"731","Baseline Services"
"731","Outpatient/Occupational Therapy"
"731","Outpatient/Physical Therapy"
"732","Baseline Services"
"735","Adult Day Health Care"
"735","Baseline Services"
"740","Baseline Services"
"740","Clinical Laboratory Service"
"740","Radiology - Diagnostic"
"740","Respite Care (Short Term)"
"743","Baseline Services"
"749","Baseline Services"
"749","Respite Care (Short Term)"
"754","Baseline Services"
"754","Radiology - Diagnostic"
"761","Baseline Services"
"761","Radiology - Diagnostic"
"762","Baseline Services"
"766","Baseline Services"
"767","Baseline Services"
"772","Baseline Services"
"774","Baseline Services"
"774","Radiology - Diagnostic"
"774","Respite Care (Short Term)"
"778","Baseline Services"
"778","Outpatient/Occupational Therapy"
"778","Outpatient/Physical Therapy"
"778","Outpatient/Speech Language Pathology Therapy"
"778","Radiology - Diagnostic"
"780","Baseline Services"
"784","Baseline Services"
"784","Ventilator Dependent"
"785","Baseline Services"
"786","Baseline Services"
"786","Clinical Laboratory Service"
"786","Radiology - Diagnostic"
"787","Adult Day Health Care"
"787","Baseline Services"
"787","Outpatient/Occupational Therapy"
"787","Outpatient/Physical Therapy"
"787","Outpatient/Speech Language Pathology Therapy"
"787","Ventilator Dependent"
"797","Adult Day Health Care"
"797","Baseline Services"
"797","Outpatient/Occupational Therapy"
"797","Outpatient/Physical Therapy"
"797","Outpatient/Speech Language Pathology Therapy"
"800","Baseline Services"
"800","Respite Care (Short Term)"
"802","Baseline Services"
"802","Outpatient/Occupational Therapy"
"802","Outpatient/Physical Therapy"
"802","Outpatient/Speech Language Pathology Therapy"
"802","Respite Care (Short Term)"
"805","Baseline Services"
"806","Baseline Services"
"806","Respite Care (Short Term)"
"810","Baseline Services"
"810","Outpatient/Occupational Therapy"
"810","Outpatient/Physical Therapy"
"810","Outpatient/Speech Language Pathology Therapy"
"822","AIDS"
"822","Baseline Services"
"822","Outpatient/Occupational Therapy"
"822","Outpatient/Physical Therapy"
"822","Outpatient/Speech Language Pathology Therapy"
"825","Baseline Services"
"839","Baseline Services"
"839","Outpatient/Occupational Therapy"
"839","Outpatient/Physical Therapy"
"839","Outpatient/Speech Language Pathology Therapy"
"840","Adult Day Health Care"
"840","Baseline Services"
"840","Clinical Laboratory Service"
"840","Radiology - Diagnostic"
"841","Baseline Services"
"843","Baseline Services"
"843","Outpatient/Occupational Therapy"
"843","Outpatient/Physical Therapy"
"843","Outpatient/Speech Language Pathology Therapy"
"846","Baseline Services"
"856","Baseline Services"
"859","AIDS"
"859","Baseline Services"
"863","Baseline Services"
"863","Outpatient/Occupational Therapy"
"863","Outpatient/Physical Therapy"
"863","Outpatient/Speech Language Pathology Therapy"
"867","Baseline Services"
"871","Baseline Services"
"875","Baseline Services"
"875","Clinical Laboratory Service"
"875","Outpatient/Occupational Therapy"
"875","Outpatient/Physical Therapy"
"875","Outpatient/Speech Language Pathology Therapy"
"875","Respite Care (Short Term)"
"877","Baseline Services"
"877","Respite Care (Short Term)"
"881","Adult Day Health Care"
"881","Baseline Services"
"881","Clinical Laboratory Service"
"881","Outpatient/Occupational Therapy"
"881","Outpatient/Physical Therapy"
"881","Outpatient/Speech Language Pathology Therapy"
"881","Radiology - Diagnostic"
"888","Baseline Services"
"888","Clinical Laboratory Service"
"888","Radiology - Diagnostic"
"892","Adult Day Health Care"
"892","Baseline Services"
"899","Baseline Services"
"899","Outpatient/Occupational Therapy"
"899","Outpatient/Physical Therapy"
"899","Outpatient/Speech Language Pathology Therapy"
"908","Baseline Services"
"909","Baseline Services"
"910","Baseline Services"
"910","Clinical Laboratory Service"
"910","Radiology - Diagnostic"
"912","Baseline Services"
"912","Radiology - Diagnostic"
"917","Baseline Services"
"919","Baseline Services"
"919","Nursing Home Hemodialysis - Bedside Only"
"920","Adult Day Health Care"
"920","Baseline Services"
"920","Outpatient/Occupational Therapy"
"920","Outpatient/Physical Therapy"
"920","Outpatient/Speech Language Pathology Therapy"
"920","Radiology - Diagnostic"
"931","Baseline Services"
"932","Baseline Services"
"932","Clinical Laboratory Service"
"932","Radiology - Diagnostic"
"934","Baseline Services"
"935","Baseline Services"
"935","Clinical Laboratory Service"
"935","Health Fairs O/P"
"935","Radiology - Diagnostic"
"941","Baseline Services"
"949","Adult Day Health Care"
"949","Baseline Services"
"949","Clinical Laboratory Service"
"949","Pediatric Ventilator"
"949","Pediatric Ventilator Dependent"
"949","Pediatrics"
"950","Baseline Services"
"951","Adult Day Health Care"
"951","Baseline Services"
"951","Traumatic Brain Injury Program"
"953","Baseline Services"
"953","Radiology - Diagnostic"
"953","Respite Care (Short Term)"
"962","Baseline Services"
"963","Adult Day Health Care"
"963","Baseline Services"
"970","Adult Day Health Care"
"970","Baseline Services"
"970","Respite Care (Short Term)"
"973","Adult Day Health Care"
"973","Baseline Services"
"973","Outpatient/Occupational Therapy"
"973","Outpatient/Physical Therapy"
"973","Outpatient/Speech Language Pathology Therapy"
"973","Respite Care (Short Term)"
"976","Baseline Services"
"976","Clinical Laboratory Service"
"976","Outpatient/Occupational Therapy"
"976","Outpatient/Physical Therapy"
"976","Outpatient/Speech Language Pathology Therapy"
"982","Baseline Services"
"982","Clinical Laboratory Service"
"983","Baseline Services"
"983","Respite Care (Short Term)"
"984","Baseline Services"
"984","Respite Care (Short Term)"
"998","Baseline Services"
"1001","Baseline Services"
"1001","Clinical Laboratory Service"
"1001","Radiology - Diagnostic"
"1003","Baseline Services"
"1003","Radiology - Diagnostic"
"1008","Baseline Services"
"1009","Baseline Services"
"1010","Baseline Services"
"1013","Adult Day Health Care"
"1013","Baseline Services"
"1013","Outpatient/Occupational Therapy"
"1013","Outpatient/Physical Therapy"
"1013","Outpatient/Speech Language Pathology Therapy"
"1018","Adult Day Health Care"
"1018","Baseline Services"
"1018","Respite Care (Short Term)"
"1022","Baseline Services"
"1022","Outpatient/Physical Therapy"
"1026","Adult Day Health Care"
"1026","Baseline Services"
"1026","Clinical Laboratory Service"
"1026","Outpatient/Occupational Therapy"
"1026","Outpatient/Physical Therapy"
"1026","Radiology - Diagnostic"
"1029","Baseline Services"
"1029","Respite Care (Short Term)"
"1031","Baseline Services"
"1032","Baseline Services"
"1034","Baseline Services"
"1034","Outpatient/Occupational Therapy"
"1034","Outpatient/Physical Therapy"
"1034","Outpatient/Speech Language Pathology Therapy"
"1038","Baseline Services"
"1038","Outpatient/Occupational Therapy"
"1038","Outpatient/Physical Therapy"
"1038","Outpatient/Speech Language Pathology Therapy"
"1038","Respite Care (Short Term)"
"1041","Baseline Services"
"1041","Radiology - Diagnostic"
"1042","Baseline Services"
"1042","Radiology - Diagnostic"
"1058","Baseline Services"
"1058","Clinical Laboratory Service"
"1058","Radiology - Diagnostic"
"1059","Baseline Services"
"1059","Radiology - Diagnostic"
"1068","Adult Day Health Care"
"1068","Baseline Services"
"1068","Outpatient/Occupational Therapy"
"1068","Outpatient/Physical Therapy"
"1068","Outpatient/Speech Language Pathology Therapy"
"1068","Radiology - Diagnostic"
"1068","Respite Care (Short Term)"
"1069","Baseline Services"
"1073","Baseline Services"
"1077","Baseline Services"
"1077","Respite Care (Short Term)"
"1078","Baseline Services"
"1078","Respite Care (Short Term)"
"1080","Baseline Services"
"1080","Clinical Laboratory Service"
"1081","Adult Day Health Care"
"1081","Baseline Services"
"1087","Baseline Services"
"1087","Radiology - Diagnostic"
"1088","Adult Day Health Care"
"1088","Baseline Services"
"1088","Clinical Laboratory Service"
"1088","Respite Care (Short Term)"
"1093","Baseline Services"
"1093","Radiology - Diagnostic"
"1094","Baseline Services"
"1103","Baseline Services"
"1103","Outpatient/Occupational Therapy"
"1103","Outpatient/Physical Therapy"
"1103","Outpatient/Speech Language Pathology Therapy"
"1103","Respite Care (Short Term)"
"1106","Baseline Services"
"1109","Baseline Services"
"1109","Clinical Laboratory Service"
"1109","Radiology - Diagnostic"
"1113","Baseline Services"
"1113","Clinical Laboratory Service"
"1113","Outpatient/Occupational Therapy"
"1113","Outpatient/Physical Therapy"
"1113","Outpatient/Speech Language Pathology Therapy"
"1113","Radiology - Diagnostic"
"1113","Respite Care (Short Term)"
"1114","Baseline Services"
"1114","Radiology - Diagnostic"
"1115","Baseline Services"
"1115","Radiology - Diagnostic"
"1120","Baseline Services"
"1120","Radiology - Diagnostic"
"1125","Baseline Services"
"1125","Clinical Laboratory Service"
"1125","Radiology - Diagnostic"
"1125","Respite Care (Short Term)"
"1126","Baseline Services"
"1126","Respite Care (Short Term)"
"1128","Baseline Services"
"1128","Radiology - Diagnostic"
"1128","Respite Care (Short Term)"
"1134","Baseline Services"
"1134","Outpatient/Occupational Therapy"
"1134","Outpatient/Physical Therapy"
"1134","Outpatient/Speech Language Pathology Therapy"
"1141","Baseline Services"
"1144","Baseline Services"
"1144","Clinical Laboratory Service"
"1144","Outpatient/Occupational Therapy"
"1144","Outpatient/Physical Therapy"
"1144","Outpatient/Speech Language Pathology Therapy"
"1146","Baseline Services"
"1146","Pediatric Ventilator"
"1146","Pediatrics"
"1148","Baseline Services"
"1148","Radiology - Diagnostic"
"1150","Baseline Services"
"1154","Adult Day Health Care"
"1154","Baseline Services"
"1154","Clinical Laboratory Service"
"1154","Radiology - Diagnostic"
"1156","Baseline Services"
"1159","Adult Day Health Care"
"1159","Baseline Services"
"1159","Respite Care (Short Term)"
"1162","Baseline Services"
"1212","Baseline Services"
"1212","Clinical Laboratory Service"
"1212","Outpatient/Occupational Therapy"
"1212","Outpatient/Physical Therapy"
"1212","Outpatient/Speech Language Pathology Therapy"
"1212","Radiology - Diagnostic"
"1212","Respite Care (Short Term)"
"1212","Transfusion Services - Limited O/P"
"1216","Baseline Services"
"1216","Clinical Laboratory Service"
"1216","Outpatient/Occupational Therapy"
"1216","Outpatient/Physical Therapy"
"1216","Radiology - Diagnostic"
"1216","Respite Care (Short Term)"
"1217","Baseline Services"
"1217","Clinical Laboratory Service"
"1217","Radiology - Diagnostic"
"1218","Baseline Services"
"1218","Clinical Laboratory Service"
"1218","Radiology - Diagnostic"
"1219","Baseline Services"
"1219","Clinical Laboratory Service"
"1219","Radiology - Diagnostic"
"1221","Baseline Services"
"1221","Outpatient/Occupational Therapy"
"1221","Outpatient/Physical Therapy"
"1221","Outpatient/Speech Language Pathology Therapy"
"1221","Respite Care (Short Term)"
"1222","Baseline Services"
"1223","Baseline Services"
"1223","Clinical Laboratory Service"
"1223","Nursing Home Hemodialysis - Bedside Only"
"1223","Outpatient/Occupational Therapy"
"1223","Outpatient/Physical Therapy"
"1223","Outpatient/Speech Language Pathology Therapy"
"1223","Radiology - Diagnostic"
"1224","Baseline Services"
"1224","Clinical Laboratory Service"
"1224","Radiology - Diagnostic"
"1224","Respite Care (Short Term)"
"1225","Baseline Services"
"1225","Clinical Laboratory Service"
"1225","Radiology - Diagnostic"
"1225","Transfusion Services - Limited O/P"
"1226","Baseline Services"
"1226","Clinical Laboratory Service"
"1226","Radiology - Diagnostic"
"1227","Adult Day Health Care"
"1227","Baseline Services"
"1231","Baseline Services"
"1231","Ventilator Dependent"
"1232","Baseline Services"
"1232","Clinical Laboratory Service"
"1232","Radiology - Diagnostic"
"1233","Baseline Services"
"1233","Clinical Laboratory Service"
"1233","Radiology - Diagnostic"
"1233","Ventilator Dependent"
"1234","Baseline Services"
"1234","Radiology - Diagnostic"
"1235","Baseline Services"
"1235","Clinical Laboratory Service"
"1235","Radiology - Diagnostic"
"1236","Baseline Services"
"1238","Baseline Services"
"1238","Clinical Laboratory Service"
"1238","Radiology - Diagnostic"
"1241","Baseline Services"
"1242","Baseline Services"
"1242","Clinical Laboratory Service"
"1242","Radiology - Diagnostic"
"1242","Respite Care (Short Term)"
"1243","Adult Day Health Care"
"1243","Baseline Services"
"1243","Nursing Home Hemodialysis"
"1243","Ventilator Dependent"
"1244","Baseline Services"
"1245","Baseline Services"
"1245","Clinical Laboratory Service"
"1245","Radiology - Diagnostic"
"1246","Baseline Services"
"1246","Clinical Laboratory Service"
"1246","Radiology - Diagnostic"
"1247","Baseline Services"
"1248","Baseline Services"
"1248","Clinical Laboratory Service"
"1248","Radiology - Diagnostic"
"1249","Baseline Services"
"1249","Clinical Laboratory Service"
"1249","Radiology - Diagnostic"
"1249","Ventilator Dependent"
"1250","AIDS"
"1250","Baseline Services"
"1250","Outpatient/Occupational Therapy"
"1250","Outpatient/Physical Therapy"
"1250","Outpatient/Speech Language Pathology Therapy"
"1251","AIDS"
"1251","Baseline Services"
"1251","Clinical Laboratory Service"
"1251","Radiology - Diagnostic"
"1252","Baseline Services"
"1252","Clinical Laboratory Service"
"1252","Radiology - Diagnostic"
"1253","Baseline Services"
"1253","Clinical Laboratory Service"
"1253","Radiology - Diagnostic"
"1253","Ventilator Dependent"
"1255","Baseline Services"
"1255","Outpatient/Physical Therapy"
"1255","Respite Care (Short Term)"
"1257","Baseline Services"
"1257","Clinical Laboratory Service"
"1257","Radiology - Diagnostic"
"1257","Ventilator Dependent"
"1258","AIDS"
"1258","Baseline Services"
"1258","Clinical Laboratory Service"
"1258","Radiology - Diagnostic"
"1260","Adult Day Health Care"
"1260","Baseline Services"
"1260","Clinical Laboratory Service"
"1260","Radiology - Diagnostic"
"1260","Respite Care (Short Term)"
"1277","Baseline Services"
"1277","Radiology - Diagnostic"
"1316","Baseline Services"
"1316","Clinical Laboratory Service"
"1316","Pediatric"
"1316","Pediatric Ventilator"
"1316","Pediatrics"
"1316","Radiology - Diagnostic"
"1316","Ventilator Dependent"
"1361","Adult Day Health Care"
"1361","Baseline Services"
"1361","Clinical Laboratory Service"
"1361","Nursing Home Hemodialysis - Bedside Only"
"1361","Radiology - Diagnostic"
"1364","Adult Day Health Care"
"1364","Baseline Services"
"1364","Clinical Laboratory Service"
"1364","Radiology - Diagnostic"
"1368","Adult Day Health Care"
"1368","Baseline Services"
"1368","Clinical Laboratory Service"
"1368","Radiology - Diagnostic"
"1369","Baseline Services"
"1369","Clinical Laboratory Service"
"1369","Radiology - Diagnostic"
"1370","Baseline Services"
"1370","Nursing Home Hemodialysis - Bedside Only"
"1370","Radiology - Diagnostic"
"1373","Baseline Services"
"1373","Clinical Laboratory Service"
"1373","Radiology - Diagnostic"
"1374","Baseline Services"
"1374","Outpatient/Occupational Therapy"
"1374","Outpatient/Physical Therapy"
"1374","Outpatient/Speech Language Pathology Therapy"
"1376","AIDS"
"1376","Baseline Services"
"1376","Clinical Laboratory Service"
"1376","Radiology - Diagnostic"
"1376","Transfusion Services - Limited O/P"
"1376","Ventilator Dependent"
"1378","Baseline Services"
"1378","Outpatient/Occupational Therapy"
"1378","Outpatient/Physical Therapy"
"1379","Baseline Services"
"1380","Baseline Services"
"1380","Clinical Laboratory Service"
"1380","Radiology - Diagnostic"
"1381","Baseline Services"
"1381","Clinical Laboratory Service"
"1381","Radiology - Diagnostic"
"1383","Baseline Services"
"1383","Clinical Laboratory Service"
"1383","Nursing Home Hemodialysis"
"1383","Radiology - Diagnostic"
"1391","Baseline Services"
"1391","Clinical Laboratory Service"
"1391","Radiology - Diagnostic"
"1392","Adult Day Health Care"
"1392","Baseline Services"
"1392","Ventilator Dependent"
"1393","Baseline Services"
"1393","Clinical Laboratory Service"
"1393","Radiology - Diagnostic"
"1395","Baseline Services"
"1398","Baseline Services"
"1398","Clinical Laboratory Service"
"1398","Nursing Home Hemodialysis - Bedside Only"
"1398","Outpatient/Occupational Therapy"
"1398","Outpatient/Physical Therapy"
"1398","Outpatient/Speech Language Pathology Therapy"
"1398","Radiology - Diagnostic"
"1399","Baseline Services"
"1399","Clinical Laboratory Service"
"1399","Radiology - Diagnostic"
"1400","Baseline Services"
"1401","Baseline Services"
"1401","Clinical Laboratory Service"
"1401","Radiology - Diagnostic"
"1403","Baseline Services"
"1403","Radiology - Diagnostic"
"1404","Baseline Services"
"1404","Clinical Laboratory Service"
"1404","Radiology - Diagnostic"
"1404","Ventilator Dependent"
"1405","Baseline Services"
"1405","Clinical Laboratory Service"
"1405","Nursing Home Hemodialysis - Bedside Only"
"1405","Radiology - Diagnostic"
"1406","Baseline Services"
"1406","Health Fairs O/P"
"1407","Baseline Services"
"1408","Baseline Services"
"1408","Clinical Laboratory Service"
"1408","Radiology - Diagnostic"
"1409","Baseline Services"
"1409","Nursing Home Hemodialysis - Bedside Only"
"1430","Baseline Services"
"1569","Adult Day Health Care"
"1569","Baseline Services"
"1569","Respite Care (Short Term)"
"1569","Ventilator Dependent"
"1571","Baseline Services"
"1571","Clinical Laboratory Service"
"1571","Radiology - Diagnostic"
"1576","Baseline Services"
"1576","Outpatient/Occupational Therapy"
"1576","Outpatient/Physical Therapy"
"1576","Outpatient/Speech Language Pathology Therapy"
"1576","Respite Care (Short Term)"
"1578","Baseline Services"
"1582","Baseline Services"
"1583","Baseline Services"
"1583","Outpatient/Occupational Therapy"
"1583","Outpatient/Physical Therapy"
"1583","Outpatient/Speech Language Pathology Therapy"
"1583","Respite Care (Short Term)"
"1585","Baseline Services"
"1585","Clinical Laboratory Service"
"1585","Radiology - Diagnostic"
"1599","Baseline Services"
"1599","Clinical Laboratory Service"
"1599","Radiology - Diagnostic"
"1600","Baseline Services"
"1600","Clinical Laboratory Service"
"1600","Radiology - Diagnostic"
"1601","Baseline Services"
"1601","Clinical Laboratory Service"
"1601","Radiology - Diagnostic"
"1601","Ventilator Dependent"
"1603","Adult Day Health Care"
"1603","Baseline Services"
"1603","Clinical Laboratory Service"
"1603","Radiology - Diagnostic"
"1604","Baseline Services"
"1605","Adult Day Health Care"
"1605","Baseline Services"
"1605","Nursing Home Hemodialysis - Bedside Only"
"1605","Radiology - Diagnostic"
"1606","Baseline Services"
"1606","Clinical Laboratory Service"
"1606","Radiology - Diagnostic"
"1658","Baseline Services"
"1658","Outpatient/Occupational Therapy"
"1658","Outpatient/Physical Therapy"
"1658","Outpatient/Speech Language Pathology Therapy"
"1665","Adult Day Health Care"
"1665","Baseline Services"
"1665","Clinical Laboratory Service"
"1665","Outpatient/Occupational Therapy"
"1665","Outpatient/Physical Therapy"
"1665","Outpatient/Speech Language Pathology Therapy"
"1665","Pediatric"
"1665","Pediatric Ventilator"
"1665","Pediatrics"
"1666","Baseline Services"
"1666","Ventilator Dependent"
"1667","Baseline Services"
"1667","Clinical Laboratory Service"
"1669","Baseline Services"
"1669","Clinical Laboratory Service"
"1669","Radiology - Diagnostic"
"1670","Baseline Services"
"1670","Clinical Laboratory Service"
"1670","Radiology - Diagnostic"
"1671","Baseline Services"
"1671","Clinical Laboratory Service"
"1671","Health Fairs O/P"
"1671","Radiology - Diagnostic"
"1671","Transfusion Services - Limited O/P"
"1672","Adult Day Health Care"
"1672","Baseline Services"
"1672","Clinical Laboratory Service"
"1672","Radiology - Diagnostic"
"1673","Baseline Services"
"1675","Baseline Services"
"1675","Clinical Laboratory Service"
"1675","Outpatient/Occupational Therapy"
"1675","Outpatient/Physical Therapy"
"1675","Outpatient/Speech Language Pathology Therapy"
"1675","Radiology - Diagnostic"
"1676","Baseline Services"
"1676","Ventilator Dependent"
"1677","Baseline Services"
"1677","Clinical Laboratory Service"
"1677","Radiology - Diagnostic"
"1678","Baseline Services"
"1678","Clinical Laboratory Service"
"1678","Outpatient/Occupational Therapy"
"1678","Outpatient/Physical Therapy"
"1678","Outpatient/Speech Language Pathology Therapy"
"1678","Radiology - Diagnostic"
"1679","Baseline Services"
"1679","Clinical Laboratory Service"
"1679","Radiology - Diagnostic"
"1680","Baseline Services"
"1680","Clinical Laboratory Service"
"1680","Radiology - Diagnostic"
"1681","Baseline Services"
"1682","Baseline Services"
"1682","Clinical Laboratory Service"
"1682","Radiology - Diagnostic"
"1685","Baseline Services"
"1685","Ventilator Dependent"
"1687","Baseline Services"
"1687","Clinical Laboratory Service"
"1687","Radiology - Diagnostic"
"1688","Baseline Services"
"1688","Radiology - Diagnostic"
"1689","Baseline Services"
"1689","Clinical Laboratory Service"
"1689","Radiology - Diagnostic"
"1690","Baseline Services"
"1690","Clinical Laboratory Service"
"1690","Ventilator Dependent"
"1693","Baseline Services"
"1693","Clinical Laboratory Service"
"1693","Outpatient/Occupational Therapy"
"1693","Outpatient/Physical Therapy"
"1693","Outpatient/Speech Language Pathology Therapy"
"1693","Radiology - Diagnostic"
"1694","Baseline Services"
"1694","Clinical Laboratory Service"
"1694","Radiology - Diagnostic"
"1694","Ventilator Dependent"
"1697","Baseline Services"
"1698","Baseline Services"
"1698","Clinical Laboratory Service"
"1698","Radiology - Diagnostic"
"1698","Traumatic Brain Injury Program"
"1699","Baseline Services"
"1700","Baseline Services"
"1701","Baseline Services"
"1701","Clinical Laboratory Service"
"1701","Radiology - Diagnostic"
"1702","Baseline Services"
"1702","Traumatic Brain Injury Program"
"1703","Baseline Services"
"1703","Clinical Laboratory Service"
"1703","Radiology - Diagnostic"
"1704","Baseline Services"
"1705","Baseline Services"
"1707","Baseline Services"
"1707","Clinical Laboratory Service"
"1708","Baseline Services"
"1708","Outpatient/Occupational Therapy"
"1708","Outpatient/Physical Therapy"
"1708","Outpatient/Speech Language Pathology Therapy"
"1708","Radiology - Diagnostic"
"1708","Ventilator Dependent"
"1709","Baseline Services"
"1710","Baseline Services"
"1711","Baseline Services"
"1711","Clinical Laboratory Service"
"1711","Radiology - Diagnostic"
"1712","Baseline Services"
"1712","Outpatient/Occupational Therapy"
"1712","Outpatient/Physical Therapy"
"1712","Outpatient/Speech Language Pathology Therapy"
"1712","Radiology - Diagnostic"
"1714","Baseline Services"
"1714","Clinical Laboratory Service"
"1714","Radiology - Diagnostic"
"1715","Adult Day Health Care"
"1715","Baseline Services"
"1726","Baseline Services"
"1726","Radiology - Diagnostic"
"1731","Baseline Services"
"1731","Radiology - Diagnostic"
"1736","Baseline Services"
"1739","AIDS"
"1739","Baseline Services"
"1739","Behavioral Intervention Program"
"1739","Clinical Laboratory Service"
"1739","Nursing Home Hemodialysis - Bedside Only"
"1739","Radiology - Diagnostic"
"1739","Ventilator Dependent"
"1748","Baseline Services"
"1748","Clinical Laboratory Service"
"1748","Radiology - Diagnostic"
"1748","Respite Care (Short Term)"
"1749","Adult Day Health Care"
"1749","Baseline Services"
"1749","Clinical Laboratory Service"
"1749","Radiology - Diagnostic"
"1749","Traumatic Brain Injury Program"
"1750","Baseline Services"
"1750","Clinical Laboratory Service"
"1750","Radiology - Diagnostic"
"1750","Respite Care (Short Term)"
"1752","Baseline Services"
"1752","Ventilator Dependent"
"1753","Baseline Services"
"1753","Clinical Laboratory Service"
"1753","Nursing Home Hemodialysis - Bedside Only"
"1753","Radiology - Diagnostic"
"1753","Ventilator Dependent"
"1754","Baseline Services"
"1754","Clinical Laboratory Service"
"1755","Baseline Services"
"1755","Clinical Laboratory Service"
"1755","Radiology - Diagnostic"
"1756","Baseline Services"
"1757","Baseline Services"
"1757","Clinical Laboratory Service"
"1757","Nursing Home Hemodialysis - Bedside Only"
"1757","Radiology - Diagnostic"
"2533","Baseline Services"
"2539","Adult Day Health Care"
"2539","Baseline Services"
"2539","Clinical Laboratory Service"
"2539","Radiology - Diagnostic"
"2544","Baseline Services"
"2544","Clinical Laboratory Service"
"2544","Radiology - Diagnostic"
"2550","Baseline Services"
"2574","Baseline Services"
"2574","Outpatient/Occupational Therapy"
"2574","Outpatient/Physical Therapy"
"2574","Outpatient/Speech Language Pathology Therapy"
"2575","Baseline Services"
"2575","Ventilator Dependent"
"2589","Baseline Services"
"2815","Baseline Services"
"2815","Ventilator Dependent"
"2956","Baseline Services"
"2956","Outpatient/Occupational Therapy"
"2956","Outpatient/Physical Therapy"
"2956","Respite Care (Short Term)"
"2974","Baseline Services"
"3012","Baseline Services"
"3041","Baseline Services"
"3041","Radiology - Diagnostic"
"3053","Baseline Services"
"3053","Outpatient/Occupational Therapy"
"3053","Outpatient/Physical Therapy"
"3053","Outpatient/Speech Language Pathology Therapy"
"3084","Baseline Services"
"3089","AIDS"
"3089","Baseline Services"
"3089","Neurodegenerative"
"3089","Pediatric Ventilator"
"3089","Pediatrics"
"3089","Transfusion Services - Limited O/P"
"3156","Baseline Services"
"3156","Radiology - Diagnostic"
"3164","Baseline Services"
"3164","Outpatient/Occupational Therapy"
"3164","Outpatient/Physical Therapy"
"3170","Adult Day Health Care"
"3170","Baseline Services"
"3170","Clinical Laboratory Service"
"3170","Outpatient/Occupational Therapy"
"3170","Outpatient/Physical Therapy"
"3170","Outpatient/Speech Language Pathology Therapy"
"3182","Baseline Services"
"3182","Pediatric"
"3182","Pediatric Ventilator"
"3182","Pediatrics"
"3182","Ventilator Dependent"
"3227","Baseline Services"
"3227","Nursing Home Hemodialysis - Bedside Only"
"3227","Respite Care (Short Term)"
"3227","Ventilator Dependent"
"3230","Baseline Services"
"3230","Respite Care (Short Term)"
"3242","Baseline Services"
"3242","Outpatient/Occupational Therapy"
"3242","Outpatient/Physical Therapy"
"3242","Outpatient/Speech Language Pathology Therapy"
"3242","Respite Care (Short Term)"
"3243","Baseline Services"
"3256","Baseline Services"
"3256","Radiology - Diagnostic"
"3258","Baseline Services"
"3293","Adult Day Health Care"
"3293","Baseline Services"
"3293","Clinical Laboratory Service"
"3293","Outpatient/Occupational Therapy"
"3293","Outpatient/Physical Therapy"
"3293","Outpatient/Speech Language Pathology Therapy"
"3293","Radiology - Diagnostic"
"3295","Baseline Services"
"3307","Baseline Services"
"3370","Baseline Services"
"3370","Outpatient/Occupational Therapy"
"3370","Outpatient/Physical Therapy"
"3370","Outpatient/Speech Language Pathology Therapy"
"3374","Adult Day Health Care"
"3374","Baseline Services"
"3374","Behavioral Intervention Program"
"3374","Outpatient/Occupational Therapy"
"3374","Outpatient/Physical Therapy"
"3374","Outpatient/Speech Language Pathology Therapy"
"3374","Radiology - Diagnostic"
"3392","Baseline Services"
"3392","Ventilator Dependent"
"3401","Baseline Services"
"3401","Clinical Laboratory Service"
"3407","Adult Day Health Care"
"3407","Baseline Services"
"3421","Adult Day Health Care"
"3421","Baseline Services"
"3422","Baseline Services"
"3423","Adult Day Health Care"
"3423","Baseline Services"
"3433","Baseline Services"
"3433","Respite Care (Short Term)"
"3455","Baseline Services"
"3455","Outpatient/Occupational Therapy"
"3455","Outpatient/Physical Therapy"
"3455","Respite Care (Short Term)"
"3630","Baseline Services"
"3630","Respite Care (Short Term)"
"3765","Baseline Services"
"3826","Baseline Services"
"3826","Clinical Laboratory Service"
"3826","Radiology - Diagnostic"
"3872","Baseline Services"
"3872","Clinical Laboratory Service"
"3902","Adult Day Health Care"
"3902","Baseline Services"
"3902","Respite Care (Short Term)"
"3909","Baseline Services"
"3910","Baseline Services"
"3914","Baseline Services"
"3920","Baseline Services"
"3928","Baseline Services"
"3928","Outpatient/Occupational Therapy"
"3928","Outpatient/Physical Therapy"
"3928","Outpatient/Speech Language Pathology Therapy"
"3928","Respite Care (Short Term)"
"3948","Baseline Services"
"3948","Clinical Laboratory Service"
"3984","Baseline Services"
"3984","Clinical Laboratory Service"
"3984","Pediatric"
"3984","Pediatric Ventilator"
"3984","Pediatrics"
"3984","Radiology - Diagnostic"
"3989","Adult Day Health Care"
"3989","Baseline Services"
"3989","Clinical Laboratory Service"
"3989","Ventilator Dependent"
"3993","Baseline Services"
"4000","Adult Day Health Care"
"4000","Baseline Services"
"4037","Adult Day Health Care"
"4037","Baseline Services"
"4037","Radiology - Diagnostic"
"4066","Adult Day Health Care"
"4066","Baseline Services"
"4089","AIDS"
"4089","Baseline Services"
"4089","Clinical Laboratory Service"
"4089","Radiology - Diagnostic"
"4092","Baseline Services"
"4092","Pediatric Ventilator"
"4092","Pediatrics"
"4092","Respite Care (Short Term)"
"4092","Traumatic Brain Injury Program"
"4092","Ventilator Dependent"
"4107","Baseline Services"
"4107","Outpatient/Occupational Therapy"
"4107","Outpatient/Physical Therapy"
"4107","Outpatient/Speech Language Pathology Therapy"
"4148","Baseline Services"
"4148","Clinical Laboratory Service"
"4148","Radiology - Diagnostic"
"4148","Respite Care (Short Term)"
"4156","Adult Day Health Care"
"4156","Baseline Services"
"4217","Baseline Services"
"4217","Outpatient/Physical Therapy"
"4285","Baseline Services"
"4286","Baseline Services"
"4323","Baseline Services"
"4323","Outpatient/Occupational Therapy"
"4323","Outpatient/Physical Therapy"
"4323","Outpatient/Speech Language Pathology Therapy"
"4323","Respite Care (Short Term)"
"4328","AIDS"
"4328","Baseline Services"
"4329","AIDS"
"4329","Baseline Services"
"4407","Baseline Services"
"4407","Nursing Home Hemodialysis - Bedside Only"
"4407","Outpatient/Occupational Therapy"
"4407","Outpatient/Physical Therapy"
"4407","Outpatient/Speech Language Pathology Therapy"
"4407","Ventilator Dependent"
"4418","Baseline Services"
"4474","Baseline Services"
"4494","Baseline Services"
"4494","Outpatient/Occupational Therapy"
"4494","Outpatient/Physical Therapy"
"4494","Outpatient/Speech Language Pathology Therapy"
"4501","AIDS"
"4501","Baseline Services"
"4522","Baseline Services"
"4522","Outpatient/Occupational Therapy"
"4522","Outpatient/Physical Therapy"
"4522","Outpatient/Speech Language Pathology Therapy"
"4522","Respite Care (Short Term)"
"4533","AIDS"
"4533","Baseline Services"
"4543","Baseline Services"
"4549","Baseline Services"
"4549","Respite Care (Short Term)"
"4551","Baseline Services"
"4552","Baseline Services"
"4555","Baseline Services"
"4710","Adult Day Health Care"
"4710","Baseline Services"
"4710","Outpatient/Occupational Therapy"
"4710","Outpatient/Physical Therapy"
"4710","Outpatient/Speech Language Pathology Therapy"
"4755","AIDS"
"4755","Baseline Services"
"4772","Baseline Services"
"4772","Outpatient/Occupational Therapy"
"4772","Outpatient/Physical Therapy"
"4772","Outpatient/Speech Language Pathology Therapy"
"4799","Adult Day Health Care"
"4799","Baseline Services"
"4799","Respite Care (Short Term)"
"4808","Adult Day Health Care"
"4808","Baseline Services"
"4814","Baseline Services"
"4815","Baseline Services"
"4823","AIDS"
"4823","Adult Day Health Care - AIDS"
"4823","Baseline Services"
"4823","Behavioral Intervention Program"
"4823","Health Fairs O/P"
"4823","Transfusion Services - Limited O/P"
"4823","Ventilator Dependent"
"4826","Adult Day Health Care"
"4826","Baseline Services"
"4887","AIDS"
"4887","Adult Day Health Care"
"4887","Baseline Services"
"4887","Ventilator Dependent"
"4898","Baseline Services"
"5538","Baseline Services"
"5538","Ventilator Dependent"
"5546","Baseline Services"
"5567","AIDS"
"5567","Baseline Services"
"5638","Baseline Services"
"5670","Adult Day Health Care"
"5670","Baseline Services"
"5710","Adult Day Health Care"
"5710","Baseline Services"
"5714","Baseline Services"
"5716","Adult Day Health Care"
"5716","Baseline Services"
"5716","Outpatient/Occupational Therapy"
"5716","Outpatient/Physical Therapy"
"5716","Outpatient/Speech Language Pathology Therapy"
"5716","Respite Care (Short Term)"
"5751","Baseline Services"
"5760","Baseline Services"
"5760","Ventilator Dependent"
"5774","Baseline Services"
"5774","Respite Care (Short Term)"
"5790","Adult Day Health Care"
"5790","Baseline Services"
"5904","Adult Day Health Care"
"5904","Baseline Services"
"5904","Outpatient/Occupational Therapy"
"5904","Outpatient/Physical Therapy"
"5904","Outpatient/Speech Language Pathology Therapy"
"5905","Baseline Services"
"5905","Outpatient/Occupational Therapy"
"5905","Outpatient/Physical Therapy"
"5905","Outpatient/Speech Language Pathology Therapy"
"5907","Baseline Services"
"6009","Baseline Services"
"6009","Outpatient/Occupational Therapy"
"6009","Outpatient/Physical Therapy"
"6009","Outpatient/Speech Language Pathology Therapy"
"6009","Respite Care (Short Term)"
"6009","Ventilator Dependent"
"6037","Baseline Services"
"6050","Baseline Services"
"6050","Ventilator Dependent"
"6057","Adult Day Health Care"
"6057","Baseline Services"
"6083","Baseline Services"
"6141","Baseline Services"
"6166","AIDS"
"6166","Baseline Services"
"6166","Pediatric Ventilator"
"6166","Pediatrics"
"6171","Adult Day Health Care"
"6171","Baseline Services"
"6232","Adult Day Health Care"
"6232","Baseline Services"
"6237","Baseline Services"
"6237","Ventilator Dependent"
"6248","Baseline Services"
"6250","Baseline Services"
"6250","Ventilator Dependent"
"6300","Baseline Services"
"6312","Baseline Services"
"6313","Baseline Services"
"6313","Outpatient/Occupational Therapy"
"6313","Outpatient/Physical Therapy"
"6313","Outpatient/Speech Language Pathology Therapy"
"6324","Baseline Services"
"6324","Outpatient/Occupational Therapy"
"6324","Outpatient/Physical Therapy"
"6324","Outpatient/Speech Language Pathology Therapy"
"6324","Respite Care (Short Term)"
"6334","Adult Day Health Care"
"6334","Baseline Services"
"6384","Baseline Services"
"6460","Baseline Services"
"6460","Ventilator Dependent"
"6462","Baseline Services"
"6462","Nursing Home Hemodialysis - Bedside Only"
"6462","Ventilator Dependent"
"6518","Baseline Services"
"6518","Outpatient/Occupational Therapy"
"6518","Outpatient/Physical Therapy"
"6519","Adult Day Health Care"
"6519","Baseline Services"
"6528","Baseline Services"
"6745","Baseline Services"
"6745","Outpatient/Occupational Therapy"
"6745","Outpatient/Physical Therapy"
"6745","Outpatient/Speech Language Pathology Therapy"
"6871","Baseline Services"
"7016","Baseline Services"
"7064","Baseline Services"
"7064","Ventilator Dependent"
"7069","Baseline Services"
"7268","Baseline Services"
"7268","Outpatient/Occupational Therapy"
"7268","Outpatient/Physical Therapy"
"7268","Outpatient/Speech Language Pathology Therapy"
"7268","Respite Care (Short Term)"
"7278","Baseline Services"
"7278","Outpatient/Occupational Therapy"
"7278","Outpatient/Physical Therapy"
"7278","Outpatient/Speech Language Pathology Therapy"
"7279","Adult Day Health Care"
"7279","Baseline Services"
"7298","Baseline Services"
"7298","Outpatient/Occupational Therapy"
"7298","Outpatient/Physical Therapy"
"7298","Outpatient/Speech Language Pathology Therapy"
"7298","Ventilator Dependent"
"7605","Baseline Services"
"7643","Adult Day Health Care"
"7643","Baseline Services"
"7643","Outpatient/Occupational Therapy"
"7643","Outpatient/Physical Therapy"
"7643","Outpatient/Speech Language Pathology Therapy"
"7665","Baseline Services"
"7711","Baseline Services"
"7711","Outpatient/Occupational Therapy"
"7711","Outpatient/Physical Therapy"
"7711","Outpatient/Speech Language Pathology Therapy"
"7711","Respite Care (Short Term)"
"7734","Adult Day Health Care"
"7734","Baseline Services"
"7745","Adult Day Health Care"
"7745","Baseline Services"
"7758","Baseline Services"
"7758","Behavioral Intervention Program"
"7758","Traumatic Brain Injury Program"
"7758","Ventilator Dependent"
"7786","Adult Day Health Care"
"7786","Baseline Services"
"7789","Baseline Services"
"7789","Outpatient/Occupational Therapy"
"7789","Outpatient/Physical Therapy"
"7789","Outpatient/Speech Language Pathology Therapy"
"7823","Baseline Services"
"7875","Adult Day Health Care"
"7875","Baseline Services"
"8555","Baseline Services"
"8555","Outpatient/Occupational Therapy"
"8555","Outpatient/Physical Therapy"
"9135","Baseline Services"
"9135","Outpatient/Occupational Therapy"
"9135","Outpatient/Physical Therapy"
"9135","Outpatient/Speech Language Pathology Therapy"
"9136","Baseline Services"
"9136","Outpatient/Occupational Therapy"
"9136","Outpatient/Physical Therapy"
"9136","Outpatient/Speech Language Pathology Therapy"
"9186","Baseline Services"
"9198","Baseline Services"
"9337","Baseline Services"
"9472","Baseline Services"
"9472","Clinical Laboratory Service"
"9472","Outpatient/Occupational Therapy"
"9472","Outpatient/Physical Therapy"
"9472","Outpatient/Speech Language Pathology Therapy"
"9472","Respite Care (Short Term)"
"9514","Baseline Services"
"9952","Baseline Services"
"9952","Pediatric Ventilator"
"9952","Pediatric Ventilator Dependent"
"9952","Pediatrics"
"10108","Baseline Services"
"10353","Baseline Services"
